2.637109077471834,2.284565415508165,1
3.238628619960283,4.265959327037291,1
1.348355663824032,2.382159005524538,1
1.8690927142993976,2.752112064861196,1
3.120133828516958,2.7606000034799125,1
0.7433095844374897,3.434786616617522,1
4.290089451498272,4.3796034965388735,1
3.071760053961837,4.088412018587034,1
2.679059220107591,2.956602360936485,1
2.142589211757929,4.8925235504630535,1
0.6583973952114741,1.76212375019162,1
0.06767826510659569,1.3760837388981901,1
2.079181125053963,3.1036534310525505,1
1.1807278500597325,4.447880967131022,1
1.3781102199941213,3.0670724227262625,1
5.297870032035183,4.626268277201795,1
0.011922713808324437,2.0366328002920078,1
2.7366363152945743,3.74649763333016,1
0.3090490695603332,4.674677497320565,1
1.5869655238541134,1.4339297858353832,1
2.9026881977135517,1.8149194193986178,1
-0.16732649366232755,2.875063121987366,1
1.9181015207107488,3.412267115339313,1
2.732486293712612,3.558717634024644,1
2.417996708791774,2.863502090356384,1
3.557658155551435,2.1652248931668905,1
0.2750157862575646,0.9084425712911317,1
1.2780920725427132,2.3747752850717974,1
0.6233526369546238,3.122159275788341,1
-0.11270766173488367,2.4040315617064834,1
1.8737413269050416,2.125742364469031,1
2.2306622036456676,4.280088861692933,1
4.099578812441471,4.310520143307993,1
1.9795425613779096,3.8541672634323536,1
3.466766527799974,2.4573987187298414,1
0.9486854343617768,3.3856369882602544,1
3.3531716748815015,3.563793352442649,1
3.3326209406469705,2.4884342608667938,1
1.8179923849252828,3.660699164301656,1
-0.13919217649926496,1.2997656422971833,1
2.802823077207732,4.216343085125276,1
3.301006917295344,6.051835149048367,1
1.8689949296184036,1.3374780408252158,1
1.3432259922973686,2.5937764806858454,1
1.30254118268649,2.3674440813295927,1
2.0034150058660267,2.43774473001536,1
2.0709926081778303,2.1951173880965476,1
1.5547935285870311,4.897044851598901,1
2.4725383674561736,3.911906769958433,1
-0.7934317030087144,5.256744326834715,1
2.383965494832259,4.027212480924195,1
1.792828620035331,2.4947572833078215,1
3.330181582849078,3.3731918603279167,1
1.8040641225488838,0.3955039366748174,1
2.644814190291747,3.8913304548698298,1
3.0546319780976425,5.237838677642549,1
3.297813396810783,4.469080385996173,1
2.0249231327376442,3.066754694087633,1
1.8133316756163782,3.387486654658855,1
-0.12872498412408806,2.1379905800790246,1
0.8233938623078552,3.277261877547221,1
0.13002698857357098,0.5331499404566138,1
2.3130395140239894,2.993998755650782,1
0.7643966842034955,3.165884305836724,1
4.192700377883318,5.753834672977055,1
1.7793818379273294,3.7662701800909986,1
0.968556064580107,2.137820711483563,1
1.6591422249526337,2.6256153059788243,1
0.5393846709171635,2.5664198342545945,1
2.808766047555952,3.700554589476905,1
2.700429383673841,3.2945265595571094,1
-0.5259588266389215,1.1454359886442214,1
1.3025209559826105,2.653948562271573,1
1.6886117127286253,2.1085739741607044,1
4.407755230009702,3.8138040892936282,1
-0.09250321133349226,2.464400425516015,1
3.005265837376884,3.589822735934419,1
1.2539326879734354,3.895750384394167,1
2.4633345472080324,1.987126578140573,1
2.99377555650828,5.738206988539476,1
-0.5988014099074941,2.1851099863035905,1
4.495247891301831,4.984536110775027,1
1.127640104252763,4.131271370327833,1
1.7708742660940258,0.5445492031317269,1
0.20745662997746384,2.0206254976012343,1
1.728165371573409,4.573658470729451,1
0.48278278617865156,2.541779801591111,1
4.0542619826363975,4.820670380940866,1
3.3925935487390806,2.4211104430436006,1
2.7321749717172468,1.3275165585973143,1
1.465918873483806,3.119760148924769,1
4.222613820307457,4.397396509802505,1
3.463432206199138,3.0789692340466512,1
0.7461298659576274,2.9538559650114826,1
2.103382848666552,3.0695356405256975,1
2.6913366543513177,3.8150510739639585,1
1.6519701314482018,3.1469238770799977,1
3.35443684521701,-0.49114746708261947,1
1.9132835764625262,1.638545427459323,1
3.0975249831497402,3.5897151926384927,1
0.08052664675180266,2.4219802710660314,1
1.5147328415384116,2.7525769847665527,1
2.0991018848677383,2.4678648395182194,1
-0.10503719119837518,1.961666081855151,1
2.582102672841236,2.506910393477741,1
0.3141387001381697,1.9472898994963967,1
1.8054146732519676,3.7156927224028453,1
1.5856028580665142,2.256513149399912,1
-0.8514992153676983,2.412535628656747,1
2.1318828386877917,4.5817633729421585,1
3.2615594374916337,3.595804137004941,1
3.424739956078179,4.451777742497367,1
1.9061345581870264,4.64849912691306,1
4.055706107811067,3.7622985341803017,1
0.7068794285403226,2.3408507710433377,1
1.3929444887695388,2.4844895190213276,1
3.01863399106933,4.781326628110619,1
2.0769509371699297,2.3640577856428617,1
3.4656842440991262,5.27039057010594,1
2.753410838888095,3.7042818605370096,1
1.324773819500001,-0.8238416037773044,1
1.2314026818353911,3.240486384284405,1
3.710926461009869,4.310937204364014,1
-1.1314790695792412,2.458658273229111,1
0.8056705911815125,1.3114701414136798,1
3.137332807044884,4.67644898592645,1
-0.9662390061209689,0.821902686471172,1
1.5126663451530307,2.920306758921065,1
0.45514070437110266,4.714249976175238,1
-0.6415668610321412,1.8582816198956715,1
1.3314101462460588,4.057085165788711,1
2.175742984305477,4.7935420495498375,1
3.3407104408013835,3.8569478425410755,1
3.256149388612198,2.787383256598931,1
2.142445233327722,3.3775903566665724,1
-1.733247917838526,0.9164143281952373,1
0.7499372200240983,1.8684710906631388,1
2.753412743835624,4.111019889053469,1
0.9622373457153615,5.024228808695948,1
2.4822035820558024,3.517854722000587,1
3.2786472294352675,4.70618119554781,1
2.6086920659377695,2.6536995973661583,1
1.7878439117196576,3.0028911853480844,1
1.8939392656306617,3.004225968302214,1
3.6758347039569275,5.022859546591634,1
3.0970575204041033,3.7168124630955752,1
3.535947523419572,3.027782925915562,1
2.8216365898366726,2.6959262780863313,1
1.3896872200041765,1.0332658119872722,1
2.0674639323517674,1.8309080523746528,1
2.6131226088038457,4.388450707402931,1
2.8357354525064515,1.7946008208205944,1
2.6505844709610544,1.3134354542328268,1
-0.32287231673834516,1.1852757334954913,1
2.4662559780675153,4.535869462844484,1
2.922614956111331,0.8210640298431517,1
1.4906746474029964,2.4108921622008346,1
-0.3542802059484367,3.3466811304621555,1
2.052467071845926,0.1807475262146836,1
1.4103466175411403,2.9303891953769154,1
1.3971942258963224,4.461469174817848,1
1.4905628727486349,3.2154094882815625,1
1.7063167508399957,2.4975681818953643,1
1.1132376682836667,2.6003660734569265,1
2.350078256925316,3.444851440700876,1
2.8336768836007944,2.8373539975553075,1
3.62501616729131,3.5897079892531227,1
1.1281247723082848,1.548380240045541,1
1.5557946836900913,4.662821793472531,1
0.9285418536288006,2.7648995417426443,1
1.013816306621548,3.3141916102040203,1
2.021999017874577,6.260534065149973,1
3.1541043932481947,3.3256311345645697,1
0.011853721984972365,3.347873503027375,1
3.4585329962049967,3.2570259806534154,1
0.01232347330024508,0.9182651531614807,1
1.4917232112017502,2.6284527287860984,1
1.6027845912433678,2.7266343075797006,1
1.0198026830330538,4.174859701192236,1
4.3256199945574,1.6177819197934835,1
0.7756236208772525,1.5138890543406935,1
0.860653734995082,5.980715281065443,1
1.3713301940216036,2.2034120566468625,1
2.6485522999467257,5.565171148639764,1
1.9322262933217207,4.229509916500878,1
0.4013347505110685,2.6109049836783695,1
2.5819181828151567,1.1348916782812979,1
2.2186394407671584,4.435004616038597,1
0.9066200841392782,3.712387653013646,1
1.4519869796654672,2.2697038263441787,1
1.468480653724086,2.306461120597782,1
1.7766099855856035,4.83713736940771,1
0.06297263381185703,1.116206801994863,1
2.098768969216059,2.1126790563288926,1
1.6668484913931754,1.5408636804496623,1
2.8839731378420557,3.789357794673352,1
2.545080269358949,1.7126164034032205,1
-1.612609619697773,0.2860748308491017,1
1.2013727385992818,1.5962220242119687,1
0.9504639474237546,1.5032115778263477,1
1.9634252876074627,4.220799957176509,1
2.0765145096134616,2.179646044058237,1
-1.6673359084891164,0.4652229086635171,1
1.7951524299844939,1.6248361454546179,1
3.8849996145907637,3.917197987357123,1
3.564937351635577,5.25450152657625,1
0.705337496347801,1.7000651329547973,1
2.9595005161219787,3.8555386999255306,1
1.9184003528839988,3.415506037329717,1
1.6356232914855589,1.787643755709297,1
2.541133527058541,4.266471437914923,1
0.6779402334772113,1.234640511474663,1
0.7022970819575236,-0.2638834696847958,1
0.6683484044636774,3.4693351645742108,1
2.8654358865889007,1.2661074107762744,1
4.105862676165628,6.507546620993228,1
2.945183429283132,3.55859876151858,1
4.219215222744777,3.0660800742436525,1
1.2299438180264675,1.5979383200947395,1
1.7933268140760112,3.1517042441078407,1
0.5082864302069363,3.1196844025498773,1
5.516596386261988,3.9684844221335185,1
-1.1967162736761607,0.7304628123009875,1
1.8503310804377167,3.56487867843205,1
1.0756302818941426,2.1711437528032875,1
0.38952233707035466,2.16199034255744,1
1.3529335873870054,3.715371518226924,1
2.3728127765851466,4.171979451410316,1
3.2833791995945902,2.8603816872289016,1
3.627818738384142,4.253784503038926,1
2.831848215615776,4.696214902177736,1
3.181340777376615,3.25162072713773,1
4.197667261084083,5.17742167602489,1
1.8303944730391393,1.9985638393622378,1
1.846532862111433,4.441714659144642,1
3.533471935993316,1.4931147905565094,1
0.8546693687362452,1.2589668428808287,1
1.889306046067244,4.512575510103031,1
1.4656248082415275,2.1742520713856113,1
0.5713360221849764,1.7618793554189125,1
3.0549729420423435,3.9649278235583063,1
1.9383470465753874,2.650367740869096,1
2.0461103580884283,5.117715952923609,1
1.9783620877163723,1.1878736974423016,1
2.735836428289427,5.0250550285346165,1
0.9967335642560253,1.7323126296201983,1
1.390011049022306,2.4610250197121935,1
1.894525915411491,4.624542919061204,1
2.5212461062934444,1.9168880683031497,1
1.036319904479286,3.1317681609366863,1
5.225751789856964,4.685716409228618,1
0.8484738954751874,4.589390287189706,1
3.575379622164876,5.342190698685085,1
2.9924725226774704,5.12679976132338,1
5.4276526831310115,2.703801577379891,1
3.4659705157418026,2.884320733841579,1
1.6124982734727322,1.9383518169377874,1
1.4706667917042953,2.802088236467196,1
3.205176771900234,3.9576635168263237,1
1.2487398473551603,3.0173644150197534,1
2.697778520977237,1.3545439938456671,1
-0.0393277894517885,1.3147552924855748,1
-0.8208750150475796,1.4057057707660174,1
2.231222409978673,2.6379321839695526,1
0.11128828519927891,1.590426645702224,1
5.314722129875974,4.7523056806384965,1
1.0224692226466578,4.04493131719592,1
2.9374856182277154,4.490913592474933,1
1.1631610292406902,1.1631462833950565,1
1.6670612806805818,3.977290250290438,1
3.8475155018861593,4.244580745625065,1
3.2415905700505743,4.939210487478562,1
3.5452487668933577,2.10819470228577,1
1.742907060884745,3.61977424295579,1
3.7473071989007662,1.7935239103009675,1
0.5514559150772005,3.2927171762956533,1
2.1958957592360493,2.2101766321762324,1
2.1660838249087337,4.453523314185407,1
1.957276894061114,1.7715049445045927,1
3.2452354164410955,5.031522592711801,1
-0.6917591750740337,-0.278309049995364,1
-0.743890983575803,0.4282305403813398,1
1.0246588501149512,2.609371171802871,1
0.2568182146305842,2.0366691501720546,1
2.1676503200744235,2.454298759915343,1
2.6022840277764656,4.482284211688738,1
1.2505907191413628,5.992670106874812,1
3.947538141827444,2.5371731285455246,1
3.5570332765733896,2.2856558547196864,1
1.8907618536146453,3.5243648472875675,1
3.9162154237333495,3.4767088059875424,1
4.043600879584517,4.103860709319731,1
3.960224349742166,4.79076512128559,1
3.601422173484453,2.325313528892409,1
3.950519316199678,2.9252529437229464,1
1.2907142581385238,-0.3292608984768739,1
1.6790284765097394,1.2924108986025162,1
1.0383090834948794,4.106825497589992,1
1.6781660549210897,4.734758157968497,1
1.011720969993183,2.099090810296813,1
2.564432953156752,2.243812799649856,1
1.4601190943283422,2.7083270219317264,1
2.865731849842259,1.4369362944989277,1
-0.07767137388901935,1.3796385867544765,1
3.695409287741298,2.4313959230182074,1
-0.7300584645591299,2.623220400255692,1
2.747027343118298,4.481893236915425,1
3.414750197830529,4.111519788628579,1
0.5725344023326042,0.3717285114923472,1
2.9755605947685897,5.569887332913015,1
2.387227433944904,5.277511676130587,1
1.0873009223160288,2.6288768170886594,1
2.889113313320253,3.4930848914926798,1
0.12029222713444221,3.6907902196079223,1
0.1595211346669514,2.352359881445217,1
1.010514743585642,0.502173832064674,1
3.8076935277830852,4.621877988037884,1
1.2594862360340509,0.7996961531994398,1
2.8750773435019745,2.9968401054696736,1
-0.16158532377935586,1.7202645963753036,1
1.7897835127583595,2.94287479398379,1
3.4431901200421695,2.576935188069504,1
3.8202544294866967,2.4548422294771166,1
0.12682643086423306,3.3991974968707552,1
2.9880578386260463,3.458369480896112,1
3.208258213280758,4.92084302426014,1
3.502358318416708,4.133280085179357,1
-1.9813586447481595,-0.405788063731384,1
2.3965773788412825,2.235561801691265,1
0.5375194775197911,1.6633100452660758,1
4.488437428843872,5.62720271212266,1
0.5639846275304308,1.4836441852446756,1
-0.35229876030136165,2.666160095022353,1
3.153631652303196,3.2067876464444716,1
-0.26023351186458576,2.826409042043097,1
3.7080468172542886,4.046514990466901,1
2.4650309726067574,2.5549946478560748,1
3.7344376186656416,4.762880021460822,1
2.708935847157231,0.12099989438347425,1
3.091567161253945,4.395697926070644,1
2.9516213516898038,1.7811058913982207,1
1.2974094076417877,2.820719505444024,1
1.0986744222194251,3.684406954914404,1
3.413630974548107,3.9751137840824535,1
-0.23387087772743875,2.4674223725428694,1
0.7678851278194796,1.467500309116357,1
1.7445919139548056,4.7747429473876535,1
3.5226622607206366,4.670805201763796,1
1.4960354286643467,1.5104848117270393,1
2.1808797887239875,3.146089671699013,1
0.2157143482808339,2.712777740437589,1
1.92696578447752,3.9807759115523016,1
2.0023772278224574,2.272559652093087,1
1.4552375458033913,3.192836109306088,1
0.6955945174182185,2.3774038918046805,1
1.3802336457809554,2.643925458388644,1
0.7706066281950736,2.2490922330230196,1
-1.2354198660044466,3.751614975911036,1
-0.4726093587625946,2.0389424747662095,1
1.6809548086420238,4.111791279748839,1
1.7371009638401516,4.605765684888584,1
1.6708867266682454,3.2910886104972765,1
1.8985645972969665,2.043628011922533,1
1.522599747173719,1.89693353287745,1
0.15831277840464097,2.8580072220567363,1
3.0773445480858124,4.614227782817107,1
0.2557352611725936,3.8380737554113598,1
2.0068408627270067,3.5193469408087736,1
5.511344471466831,3.5984022594143195,1
2.2583501656807674,2.2842592637728063,1
3.157961281263609,5.239684848757951,1
1.781530949420087,3.82344968056585,1
2.2187456624474313,2.14616728912393,1
2.91064689034802,3.134366858864463,1
2.4962624963652775,2.943694768484538,1
1.0673497648673589,1.346083773897173,1
0.18227628067979373,3.619127709199546,1
-0.11023339566864543,4.091774456057436,1
-0.44619408774378044,1.7593036325841573,1
3.137878581595211,4.42188037022062,1
4.409982095212923,4.245789361160773,1
0.4919712788445647,4.45582024567309,1
1.9363477097958657,4.555020250524297,1
-0.15626992261824757,2.0889744506750265,1
1.2107284892520758,3.8194374543863585,1
3.592560848579943,5.018574051508663,1
3.385731392857308,2.508321573698434,1
1.8609032374320271,2.696988345145359,1
4.728335335411324,3.344910952465154,1
0.9618324462288341,0.8854554532104459,1
-0.19475090174636334,2.9307538711845336,1
1.2979467808996563,3.0863849426024954,1
0.08446812325386466,1.2620214133359908,1
1.9558685620203027,5.605264926232831,1
-0.7760393339162723,0.851149007350497,1
2.1983289169224522,2.699740898775056,1
0.7112323086140413,1.0364563029792062,1
2.6562401233350306,4.569322885313458,1
2.3557844067613796,1.8891249186116592,1
0.46706754416585516,0.7133737245450247,1
4.714123620655791,4.805398349066946,1
2.5663023824339035,4.667723773654428,1
2.4938424190186455,4.681558063888136,1
3.7975266317463805,4.223226485270417,1
1.7786891360202284,2.695069460802226,1
0.8770275653385866,3.5579295771143955,1
-0.6705914670821271,1.2121468747958675,1
-1.2629954103017274,1.2987378352656205,1
4.408314633144929,4.152773847741498,1
5.1762650201117575,4.951399442613719,1
1.6982951397024482,2.607269694476992,1
1.6403772913251378,2.3657848264550663,1
3.8920080160502586,4.860300449652215,1
1.6466679603821555,2.9264558559636384,1
1.4970990864557836,1.9084302641287951,1
1.3399778378494749,2.3562992061394583,1
3.0157676979231276,4.433718676422578,1
2.912064668903894,4.291486161768285,1
4.239435711815974,3.1347843227501073,1
2.757979463764542,4.550619017564328,1
4.048981172034966,4.034139484034921,1
1.2636485568704576,4.504333139852903,1
0.9939605159233362,1.742954643133606,1
3.9562961225021827,4.767336088896473,1
3.391120365612945,4.001140055759203,1
0.9698931480145476,2.454592642098861,1
1.0892209097542338,1.8083702417383152,1
3.2879199796453307,2.9126001594799327,1
5.523948617867644,3.9653953540572404,1
2.2423099885723046,2.460715877116427,1
2.2181765670251488,2.653180585390148,1
1.8809887697893186,2.4817165062111766,1
3.6042679200208227,2.9412678940081207,1
0.22344518909854716,2.7309145428341894,1
3.446719650812184,2.9433898970141157,1
2.2372395420535183,3.9834935389965707,1
2.4850732153472954,3.085595042252024,1
2.0481735938558,1.298255295986766,1
4.024443287941627,3.1154630226076634,1
2.353060060717464,1.6195369172643974,1
3.888398848611236,3.351295300606081,1
0.05147327758917797,2.00425169177564,1
2.4077366038700974,4.339567219670005,1
3.3298362527620764,5.206203477646477,1
3.5786488289240284,4.441732595790228,1
1.754782760641232,3.4532891954576725,1
2.946493954107164,2.2211589464835653,1
3.696471820008594,4.052831701188566,1
2.427807517541992,1.0187040689897355,1
3.172944096351386,6.013348382956189,1
2.2081098883346577,2.436187780263803,1
3.0902628614432466,4.78816700552731,1
1.873019281585428,5.010490122022329,1
4.153577742279623,6.782062864998678,1
3.1092896896109674,4.146614571496215,1
3.555680142803184,4.411945562075745,1
1.7286890774282158,2.140567428195076,1
4.239389709604946,2.5928595539746513,1
4.312512133628438,4.592463402356003,1
0.3392789605973878,1.7235176930862477,1
1.412802929031768,4.116193450910601,1
1.3922363902361763,0.6210884765303968,1
2.5552928358600853,5.022218103880908,1
4.566969565380643,4.426346648321701,1
1.4727286212808735,4.1982167343724575,1
1.466411502474938,1.6022485672729834,1
1.5456248499098428,2.7526335950183944,1
1.7942801972416023,0.9116932744059585,1
0.7868556445895212,3.83198435694094,1
1.0963071810385088,2.3205755633808764,1
0.7186594017996775,3.4828091973561612,1
2.059835613157889,5.155013383144855,1
1.1048078953501719,1.8620656715743171,1
3.5053885900592703,4.606301373989894,1
2.980099511882876,3.656965731468125,1
1.267207533161341,1.2846811496795993,1
1.8787561303628733,3.4603769238999864,1
-0.0786475566178435,4.999050661541046,1
5.031471520435357,5.416816353205852,1
2.5545332883366623,3.497512488723065,1
1.9648796838999643,0.8786991087254181,1
0.7567416633462021,0.4490285477976377,1
2.883612839001103,5.982544836566847,1
4.293519401971302,1.046108654666505,1
1.3319612417813413,0.9932180011030467,1
3.897532223000068,5.427943630963377,1
2.2963240590506517,3.5818505841550103,1
-0.19821911822758942,2.0225872309810846,1
-0.5137425276721763,1.464304327551295,1
4.40390121033542,5.7497560389958124,1
4.552108789726331,5.47880933771147,1
1.910204390212589,1.3617914823175523,1
0.64162653341776,1.1434077889496737,1
0.09494183718311877,3.862777772945727,1
2.983904870280838,4.217368935516208,1
2.463641803043995,4.513821073499008,1
4.22416235106204,4.001396186296741,1
2.2423413345731604,2.076396132455884,1
2.450140497178094,3.26385966883496,1
3.0856376797860774,4.387020111639343,1
3.191692279163384,6.97269725350327,0
5.836263652284857,6.957880404052625,0
7.809866212253019,9.054636887985676,0
7.140412295986723,9.127701991840267,0
7.272315968021819,8.532650016244286,0
8.210543994592832,9.50794488966385,0
4.518897715926401,6.953143564146197,0
5.904505316934168,7.40359357912842,0
6.368776421184534,8.050957933497585,0
5.193837295436362,5.8820669599684035,0
5.8260150696956545,6.43814645296316,0
9.340630610032317,8.868559815191295,0
8.011169052086501,10.928375664251984,0
5.617152643191594,8.396263945871315,0
8.110129104879672,6.42429537233807,0
7.769942831677185,10.144778178984318,0
5.409034971388337,5.128269335676212,0
6.4310482776692375,7.571770220927606,0
8.249103667615262,11.800993245064927,0
9.114503571111731,11.300470654158694,0
5.317512072964207,5.522174073948551,0
6.269653609675753,9.121019379226455,0
6.600703317065857,8.811164858160131,0
8.107265905091403,10.35262974511813,0
5.984950954506486,6.448481400482056,0
8.233347169384958,8.455153155925903,0
9.827480739775554,11.33884751642471,0
6.7118878960464174,7.678657656443722,0
6.722729051782706,8.047344050734369,0
7.433138932702571,5.858192434254642,0
10.888714888584882,9.054611053212218,0
7.14851119337088,8.648199532795093,0
6.447266451597922,7.686820035879023,0
7.770808867052322,9.066433159458926,0
7.096714516758379,8.831130429120002,0
8.680865450749673,8.448521278837278,0
7.0357696417171045,9.154799655300774,0
7.077305788700596,8.359349437924653,0
8.668799175597563,8.94802974223958,0
5.919252812590212,7.072368562742229,0
6.881023882596891,7.2343575001961895,0
9.505418784175156,10.805087742333116,0
7.981163225332262,8.803396531707305,0
8.49354613968426,6.511179040393898,0
8.91498485174299,9.73470729098129,0
6.625874619780163,6.590587299908927,0
5.523221731783964,5.525549278129617,0
4.714507981358151,7.06972643136023,0
5.954980209642288,8.9460334665539,0
7.181910693493645,8.488133464328396,0
7.7243299305613125,8.913084318831066,0
7.285531767398921,8.885271425056157,0
5.011035282256076,7.47290376570993,0
8.454745862919824,9.130487963290141,0
6.177338317089213,6.79842881748044,0
5.053907911977747,8.448144356056762,0
7.459912236630556,8.177721041347134,0
8.60968039137304,9.521480025378803,0
7.955392388701407,6.800442444320174,0
5.2160217291590705,6.254134992045345,0
10.155878159812941,9.129925822467685,0
5.4184690157459015,4.3001324747030685,0
6.208727980163797,6.768071332435277,0
6.582564318521394,9.240812526182719,0
6.929377283723746,7.886750316360292,0
7.131371921316776,9.170330083445,0
9.9934554580195,11.292604461600149,0
8.398248992961685,10.11951126055135,0
7.4085371225912695,8.022754180353187,0
7.416546760611384,7.939563537748442,0
6.697833469936456,8.771446432627672,0
8.229249910145604,7.932673394254818,0
5.978639743100561,7.561565612385905,0
8.483043730053533,10.171639869501337,0
9.494654467454007,8.72845694402386,0
7.911977870252799,8.296675628221408,0
9.221693273829533,10.486985259340477,0
9.619737281058125,9.513844831049767,0
4.764796876010834,8.288073821469881,0
6.697056547941428,7.817365866131655,0
6.933552487849362,7.4327925238214725,0
5.811017227589479,5.076793242387592,0
8.009498614138487,9.929961523686833,0
7.3808317207598915,8.653623081569851,0
9.318268917186105,8.93562548024189,0
8.255222618889217,10.950728321179575,0
8.128965784931765,8.03615859528584,0
8.00146341706243,10.477929120864095,0
8.342065896372,9.214359790287922,0
6.724562278479222,9.041713780303603,0
5.977988554186515,7.261810277431317,0
6.939771061865532,9.570526153117084,0
6.77933529859616,7.73854183350213,0
8.770680474867625,7.287808296627803,0
7.508255141488534,9.282440660626419,0
7.185882417250159,5.237069511818007,0
4.398182772753156,7.631840501175059,0
6.614464005843046,9.112840586069408,0
5.736342377440133,7.450196678642175,0
8.01472706022368,8.823823700583763,0
7.6298651012862395,8.798475093931675,0
7.217168451842986,6.23650515466284,0
7.263569850761013,5.884644135570107,0
8.515262182291039,6.5932148686875856,0
9.251466984423235,8.462565543836327,0
8.993021215910169,6.274161871706203,0
5.950909950539738,6.0445767887447746,0
4.577813901121849,6.644349110403024,0
7.709344093112769,9.51650165271155,0
7.429641974465654,9.455503167025222,0
10.920529868598415,9.544959428601153,0
6.090275160889903,8.003042279110094,0
8.55573636024993,9.130028637639548,0
9.291484281580619,7.903742722458429,0
6.742364557379844,4.791221139676941,0
6.8396958214417705,9.874741712153812,0
6.977919902358101,8.546047192291068,0
5.940121786205202,9.05335100727625,0
7.2719195371665535,9.797905575520847,0
7.4593948739657225,11.683585390150883,0
5.739701836935081,6.487721145150331,0
5.534589454304518,7.27730742500046,0
6.6724950249349035,9.310749818801774,0
8.193272901209589,9.708185452400949,0
5.783305978280755,8.495344063774072,0
9.850999935618585,9.178913497395735,0
5.001956069352692,5.517164444712963,0
3.1934500866003677,6.882828408377836,0
5.516555156009517,5.32992535420777,0
8.616412633356164,9.685717631419461,0
7.4455851841987855,7.772946141978835,0
6.20733212404676,6.670072795824165,0
9.447796369649733,8.920670123646776,0
4.285288767633929,7.810616669401371,0
5.560876456301354,6.077489229956617,0
8.161251556339657,9.490009696166247,0
5.930724460609202,7.108503732910499,0
7.737705567218514,9.253242738814002,0
7.334159542353601,10.457488484842692,0
8.313445361390007,8.731699933233946,0
6.660036631738406,7.948183385946191,0
9.700349159589447,9.268730752067079,0
8.12095460212723,8.555852422446709,0
7.877336966680579,8.888711493214016,0
9.379483257639375,11.53157677844014,0
9.352363194102598,9.400839302792626,0
6.493769966099415,5.9481309260307675,0
6.945025231203177,8.787075154200462,0
5.872042531521842,6.371893332434826,0
7.711248729024408,9.781323865137859,0
8.590633483697715,8.40514707391746,0
5.532077268605963,8.03833227446776,0
7.802977987246073,9.00809067663914,0
5.935230894351857,7.310577121446194,0
6.9747377786727816,7.344544541119409,0
7.532286230090106,7.322941585838751,0
7.57236258866585,7.7297892750205435,0
7.539719050157237,9.920297253764614,0
8.786796350839328,8.65551154105326,0
8.152490912887762,9.014560683745376,0
7.511761165007,8.597417183851451,0
6.205399699407374,9.398765733021794,0
5.94175479084962,7.890155084870795,0
6.59546188372688,8.56469325859508,0
5.844457025948519,8.795379945211574,0
10.769643386408323,8.491422603346308,0
9.229888343062234,9.62720769473579,0
7.952651620503744,7.03887789146675,0
6.724331265176382,8.030687336073862,0
5.237357719423896,6.95688212682543,0
5.592356768526477,7.581498359345747,0
7.15422562951334,7.046626581908502,0
8.674647310060871,9.895669384002055,0
6.859343699271643,7.618043042953872,0
5.709126462480514,7.222747032011265,0
8.819443627935948,8.107957954331551,0
7.717167027808619,8.24781384458581,0
8.462243618699144,9.805696579014437,0
6.224472711245829,7.1270610491280175,0
7.303184303029566,8.25424104774,0
8.248053663258988,9.004478088728625,0
7.688573361180624,9.149679330606341,0
7.405755178514907,9.00191272859153,0
5.045088295316343,7.159843889613759,0
6.3599331663523575,5.658174150543147,0
7.961148215005405,9.933662975829995,0
6.624360888762927,7.09002789890256,0
7.527412064855389,7.8816605241997495,0
6.9125559685359335,7.1568337655238015,0
8.553264915633948,10.661568950547961,0
6.544748285814613,7.725271333988971,0
8.24622539919636,9.722482621230236,0
7.540898842023365,7.64107672507748,0
5.445334856123598,7.606046265636555,0
8.41220382261991,7.407976946263806,0
7.912887463555888,9.737786870090444,0
7.579900788667583,8.693875645701064,0
6.504770479906911,7.995260917020799,0
5.078866882568082,6.972915952342191,0
8.41837776592127,7.714073632729062,0
7.937666032378547,7.376620975931063,0
6.899688750961055,8.810927936245323,0
5.338301838876761,8.716906903234348,0
6.033501754664535,6.970317492417019,0
5.654127961236766,7.382787009478303,0
5.645611094826544,10.393677781289778,0
5.182793415601695,8.593792873630035,0
6.8617404680794865,8.138688172185482,0
9.244198306037514,10.081630959865247,0
8.137575434274947,9.840055440886065,0
6.248744562696684,10.443839656446345,0
8.29863067574026,9.349909987052758,0
5.548511523203348,6.51558266148306,0
3.886290915965409,6.2294570299340855,0
4.638597777464135,7.630693419312116,0
9.321971725090867,8.126465268916418,0
7.308908065880376,7.547264537615241,0
7.239139447413699,5.615649316136726,0
6.991490634398836,7.378948128876104,0
9.461652893604501,10.274189947308846,0
7.091488488152041,9.312298151078785,0
9.115656399823987,8.620743429340479,0
6.5241103118525245,8.391490631677412,0
6.408179828957538,7.293701716006112,0
4.790715510496981,6.576686822483632,0
6.688004038705068,8.192583102072927,0
6.6549874633022705,5.377172540573621,0
8.33443242592429,10.814586199881068,0
8.325225450356138,7.433265456446946,0
6.828295549704325,7.95767577285099,0
6.781020851804742,8.54510158448117,0
8.005121042661493,8.74526572013794,0
7.417623298939352,6.984745042935232,0
10.260635472332138,12.326005589024462,0
6.34867293964126,7.781728421882635,0
4.897246063519163,5.657651970159467,0
6.289967358847249,8.571114514042993,0
7.339468301731832,9.83555419179117,0
8.327743553987819,10.04902686263921,0
7.611542422094642,9.139300942121006,0
5.282902217681702,7.280546648740967,0
6.171553370889806,7.532624382857795,0
5.716958641952217,7.434230382508392,0
6.556492882558575,6.733591636167945,0
6.248574206417029,7.757986624084111,0
9.409443678662873,9.27342412243535,0
8.73067888850048,8.056585468790281,0
6.633598270043759,9.565026268345534,0
8.560728059249413,6.367446475824759,0
6.2112040520613165,7.2316972460528754,0
7.515898684668539,6.404539100596134,0
7.7571734815945526,10.085152953263716,0
8.245912350543827,11.695326236012862,0
7.029474502051058,7.584634777345808,0
8.563359320734737,10.242786870111805,0
6.1511748624376965,7.4566133718694525,0
6.005279145876224,6.759689871739138,0
5.012083714156347,9.144161822607586,0
5.066045593915323,4.913559217810413,0
6.433460205969475,5.645845347003006,0
5.718576318219747,6.918981312039698,0
7.290565040942964,11.2549357680199,0
6.138300660438137,6.672460435625315,0
4.210350170102863,4.85877277461598,0
7.0967535659585215,8.50394671489664,0
4.932320256289179,8.380882637019072,0
8.574101311954639,6.714865302193085,0
7.72125722075817,8.759231306077183,0
7.536874511492133,7.591880602756341,0
6.212050563867755,7.241107098617689,0
4.4053160983731185,5.8300399124862965,0
6.129268921614351,7.8175183917725155,0
6.367991591865641,6.021567802907413,0
2.242135177789369,7.041549423290977,0
4.950733660834672,6.1685357719184895,0
9.038586868209205,10.083692816757287,0
6.007853143084783,7.318420248780303,0
5.274333190824325,7.73550712323335,0
7.630258249322564,8.974666504404079,0
6.292577053377372,9.417592804294005,0
7.4477733246823545,9.296555911747486,0
6.682032002855407,9.350538535120776,0
7.874679687909507,8.379796425475426,0
7.497527150222491,7.986264174617352,0
7.436209438206655,8.896500823748447,0
5.578538522156387,6.332248144927608,0
8.91434902494325,7.643079448794433,0
8.120886289794957,8.477735499092828,0
7.059386682500089,5.762479092922276,0
6.891129663796103,7.929326812529324,0
5.615487998948915,4.210753572734939,0
6.464903345092944,8.323385528455766,0
6.618607452027683,8.873692634703708,0
6.6426077741583756,8.661505789928132,0
7.833088780526384,7.503619676939936,0
5.9148311492318975,7.6265557534887245,0
6.7412662918013595,9.084828055732793,0
8.712563217411699,7.597617738521447,0
5.576814537935979,7.5904109235760435,0
7.549957918151698,8.515558640520634,0
5.212640518523109,7.553699630107009,0
7.049004341847585,8.133389395753268,0
6.35366713861778,6.3030909332114495,0
6.825413318930098,9.006195354007934,0
10.75937981532794,9.377154873914582,0
6.392676079497303,7.422898426796046,0
5.233706923854751,6.793262724509813,0
5.329914942450447,8.859413280644295,0
8.05635888750004,8.265217313220317,0
7.8523846780272955,7.606670550892257,0
9.36490389616635,9.154013717114637,0
8.878443899472849,9.260516070141366,0
7.59655927326727,7.346297656444473,0
8.916394021176878,8.663564701029218,0
7.1125870875633375,4.955622000061204,0
8.592759369147416,7.536063061511203,0
4.9052136976659035,6.7274582348948915,0
8.498022701841903,7.353128856447867,0
5.251895682986649,5.2936417537523015,0
6.78220567504983,8.048479005189378,0
7.8416092608019365,11.45845137187523,0
2.7312710850479354,4.566016065539559,0
7.344940018244421,9.2453005994228,0
8.636406086348003,9.836977441128482,0
6.8267410082727995,5.355767481996771,0
7.564359028943631,8.300608890942753,0
5.982140801045963,6.241395403411335,0
7.780519263961507,8.367607463660542,0
7.45240441191765,6.874952870865141,0
7.219667942875158,7.867499742277731,0
7.683649811202945,7.744536961328878,0
6.1551533283335,9.445618995681171,0
7.547875547610822,7.595065783748171,0
8.669283466477367,6.812002664436172,0
6.323874714147598,7.3706774655883045,0
7.85584415887488,9.064244511462151,0
7.195844684307341,7.891505305115937,0
8.857329469293514,7.995666399445845,0
5.493783011527402,7.471079301505954,0
6.388258450301948,8.0759735904132,0
9.196585550395827,6.818011650623952,0
5.851869847627697,6.688873564529702,0
6.258621266399786,9.241553754684173,0
7.398316372505608,7.045062412586009,0
7.475393358314218,9.074166282829182,0
5.044349295346075,6.2457256538820305,0
7.891356581529883,9.882314069333152,0
5.887333948945831,8.708365915598502,0
8.722960160935477,7.718819267727645,0
8.182152049121438,8.893258377752478,0
7.620248140433401,8.225426187561142,0
7.6213905894726235,8.353366424448739,0
7.759664370119517,7.057742230841904,0
6.04947239577092,7.587886582091556,0
5.497167763695524,9.127295972421814,0
9.168824507075932,10.05206827917601,0
6.987547954554915,7.38619345353212,0
6.716916107446855,9.427601601341635,0
7.973802840543302,8.787112443451967,0
5.475757983924751,7.224597204786491,0
9.185063152914466,7.856454379300989,0
5.952951180425637,6.091448723555005,0
5.335614166937122,7.3664106929515905,0
6.276415929499276,8.947175236813306,0
11.445816935643446,9.907548159883573,0
4.834914758520947,6.884108815509583,0
7.186817881466548,9.12432236469614,0
6.2999039354211925,8.073074904467406,0
7.396650255047387,7.551039110236265,0
5.015562093644484,7.481590439492724,0
7.285730162471033,7.923772551124283,0
3.184853735364616,5.455913050836315,0
3.060778291791546,4.980901287896433,0
7.644716193944065,10.447010961993218,0
10.38360319909093,10.606061162402403,0
6.714017473919904,7.605233851738636,0
6.989965494542311,7.853747867015349,0
6.008362927652483,8.179151373158813,0
8.142308888015128,7.504543072017727,0
5.262767126891007,9.36102176861442,0
7.798336938392671,8.397585868090834,0
5.992245654130761,7.8612096504072,0
6.4717410679992255,7.028310165345661,0
6.895361523499082,7.843658211956821,0
6.88962353638883,9.048764006925786,0
8.049434023325237,7.407462201793774,0
5.34669829353243,5.94582189984,0
6.4805902156806745,9.29934300400167,0
5.638440798497256,8.401224914324569,0
5.324248975972524,7.218920885545252,0
3.4265758935390056,7.235050398490609,0
6.807132066859014,6.8592390137813,0
7.394314066231638,8.499806785923763,0
5.4357675826240435,6.861951290384071,0
9.419039199925237,10.225106695368773,0
3.590711635192417,6.392832249103795,0
5.944132248139047,9.389805059430032,0
8.485655984491974,8.963423763077941,0
6.135506621563965,8.238719495834218,0
6.277857347443592,7.999822848022481,0
7.556087972950728,10.283897036604595,0
5.96378361614339,8.228576782541495,0
9.341760390578829,8.76539521753848,0
5.980887179577013,7.199264928156458,0
4.466055379076402,6.115939800733967,0
7.857977329118889,7.589232729928602,0
9.04340545914608,7.2739133341757105,0
7.584759275072253,7.5967641700458195,0
7.103951750663754,5.68530703776873,0
6.080415377165173,8.280524229183847,0
7.0751622096102045,9.24145347244643,0
6.305346873907107,9.687927891082458,0
6.952051854557941,7.712664024847045,0
7.799854387545071,6.649088766040544,0
8.909145293645782,7.951938054261082,0
9.231373476958677,8.746987907604773,0
8.860053034427104,9.487786748383478,0
10.354759642342653,8.522517813536025,0
7.625911370874861,7.76323218472376,0
5.942155801004221,8.199991823349288,0
8.034010806638149,8.30014113157285,0
4.449537467774524,8.945847760027283,0
5.874354530147347,5.682105794467074,0
6.090923238307938,7.469905239868499,0
7.9207051492779605,8.862368473818124,0
8.196459517744357,9.569920864116929,0
5.91024566032548,6.514040357301933,0
8.797538744470291,7.852724720662038,0
6.5493361397154075,8.13727050216056,0
4.640267177081995,5.90440096864562,0
10.856193027171344,7.5973074874240005,0
4.775420500851789,4.781698218803994,0
8.04487253079677,10.839363335041044,0
8.544515642448612,8.792638929729451,0
6.235847179950603,8.031845095737717,0
8.091754587290456,8.864487845045522,0
7.902017940362699,8.71843320624085,0
9.119775090840635,10.244795428538772,0
7.297716847181954,9.308127718265503,0
7.936810995377523,10.739098590891974,0
6.681636693851707,6.668287738643782,0
5.371049812452229,7.189104982959858,0
4.856316278202396,5.0526497808013024,0
7.8145116161581125,9.025109911326929,0
3.7474554148975985,6.211124774043099,0
5.835200428811998,9.216730874822149,0
6.687639292638524,8.040426233721707,0
7.390421508809689,6.915542545778875,0
8.459187958548362,6.613543170550063,0
5.973389099772487,6.698720072484718,0
4.58287694467686,6.881311807775052,0
5.975987160563565,7.408076462274792,0
7.6827310629351055,8.74511446030389,0
6.134064215898096,8.082297721965976,0
7.9605170545932165,8.456525411292366,0
6.8307095144204055,5.898641224742555,0
6.1471352766098155,8.170100332576391,0
8.949131458779327,9.737621380139252,0
7.04771559775989,5.068615435607137,0
10.037284932174185,8.876354044574583,0
9.680730138868235,9.478594264590681,0
5.855291565714255,8.912766850302871,0
3.368873732598744,6.45530956825035,0
8.94360038993473,10.488245381404251,0
8.429573292086829,8.570375567701037,0
7.84650064818311,9.12537961996702,0
8.600628478418189,8.51921061715716,0
10.025213595080642,9.245357215356663,0
5.162802358121163,8.866328324102751,0
6.1500041526990294,8.326175726151005,0
6.259595118499312,6.380648863526987,0
7.558900662214791,7.487761664716489,0
9.305789793349074,7.896340431282648,0
7.461483821378165,8.018825712961442,0
4.252025687493532,7.516701164377036,0
7.864009748713461,7.9005941385417335,0
5.447080226608107,6.741044801999762,0
7.443933422471296,6.829939477455956,0
6.963357073008924,8.20858728190942,0
7.659094543000449,9.91534574662397,0
7.577027353948215,8.035754160572862,0
9.077609429867918,8.51934213697562,0
7.855165430463043,7.4661294394532405,0
7.361160491611329,7.72281082373004,0
6.671574086869958,8.506204821244472,0
8.676119007190486,8.614307842255867,0
5.102101751941872,9.155730854221693,0
6.957697306727309,8.177813156844788,0
7.109969729851005,11.345697523096987,0
6.352695167584686,8.248229047727403,0
7.1659847618723065,7.843942316122855,0
5.673651963301006,8.308667564729276,0
5.204442908755173,6.8711185766456335,0
6.737449366006269,7.162600466834591,0
9.475123672474297,11.271169974686137,0
7.648210231248625,8.903121349606623,0
8.68747312684537,9.871703716800017,0
6.162120346041901,7.432285503023304,0
6.974274744552376,6.4018455631811335,0
4.740248843758511,6.145167782500437,0
